,gravity,ph,osmo,cond,urea,calc,target
count,79.0,79.0,79.0,79.0,79.0,79.0,79.0
mean,1.0181139240506332,6.028481012658226,612.8481012658228,20.81392405063291,266.40506329113924,4.13898734177215,0.43037974683544306
std,0.0072394704115917,0.724307075776203,237.51475466220202,7.938993900237226,131.25455000536678,3.2600513583089565,0.498293094262482
min,1.005,4.76,187.0,5.1,10.0,0.17,0.0
25%,1.012,5.53,413.0,14.15,160.0,1.46,0.0
50%,1.018,5.94,594.0,21.4,260.0,3.16,0.0
75%,1.0234999999999999,6.385,792.0,26.55,372.0,5.93,1.0
max,1.04,7.94,1236.0,38.0,620.0,14.34,1.0
